x1,x2,x3,x4,x5,x6,x7,x8
28.0,99.0,0.5,186.0,24.159200000000002,0.0039077440299828915,0.2847550032608982,0.7361908065426285
28.0,99.0,0.5,372.0,14.58392,-0.010629306951214315,0.2844318375608982,0.7361908065426285
28.0,99.0,0.5,558.0,5.00864,-0.02387278061576931,0.28410867186089817,0.7361908065426285
28.0,99.0,0.5,744.0,-4.5666400000000005,-0.037698971254091246,0.28378550616089826,0.7361908065426285
28.0,99.0,0.5,930.0,-14.14192,-0.05293322791852016,0.2834623404608982,0.7361908065426285
28.0,99.0,0.5,1116.0,-23.717200000000002,-0.06454653072626239,0.28313917476089817,0.7361908065426285
28.0,99.0,0.5,1302.0,-33.292480000000005,-0.07173156088404636,0.2828160090608982,0.7361908065426285
28.0,99.0,0.6,186.0,24.159200000000002,-0.03256278097001711,0.2847550032608982,0.7361908065426285
28.0,99.0,0.6,372.0,14.58392,-0.04809693856064192,0.2844318375608982,0.7361908065426285
28.0,99.0,0.6,558.0,5.00864,-0.06568882097519692,0.28410867186089817,0.7361908065426285
28.0,99.0,0.6,744.0,-4.5666400000000005,-0.08386342036351885,0.28378550616089826,0.7361908065426285
28.0,99.0,0.6,930.0,-14.14192,-0.10343087791852017,0.2834623404608982,0.7361908065426285
28.0,99.0,0.6,1116.0,-23.717200000000002,-0.1150441807262624,0.28313917476089817,0.7361908065426285
28.0,99.0,0.6,1302.0,-33.292480000000005,-0.1222292108840464,0.2828160090608982,0.7361908065426285
28.0,99.0,0.7,186.0,24.159200000000002,-0.06903330597001711,0.2847550032608982,0.7361908065426285
28.0,99.0,0.7,372.0,14.58392,-0.08556457017006953,0.2844318375608982,0.7361908065426285
28.0,99.0,0.7,558.0,5.00864,-0.10750486133462453,0.28410867186089817,0.7361908065426285
28.0,99.0,0.7,744.0,-4.5666400000000005,-0.13002786947294648,0.28378550616089826,0.7361908065426285
28.0,99.0,0.7,930.0,-14.14192,-0.15392852791852019,0.2834623404608982,0.7361908065426285
28.0,99.0,0.7,1116.0,-23.717200000000002,-0.16554183072626236,0.28313917476089817,0.7361908065426285
28.0,99.0,0.7,1302.0,-33.292480000000005,-0.17272686088404637,0.2828160090608982,0.7361908065426285
28.0,99.0,0.8,186.0,24.159200000000002,-0.10550383097001713,0.2847550032608982,0.7361908065426285
28.0,99.0,0.8,372.0,14.58392,-0.12303220177949713,0.2844318375608982,0.7361908065426285
28.0,99.0,0.8,558.0,5.00864,-0.14932090169405213,0.28410867186089817,0.7361908065426285
28.0,99.0,0.8,744.0,-4.5666400000000005,-0.17619231858237408,0.28378550616089826,0.7361908065426285
28.0,99.0,0.8,930.0,-14.14192,-0.2044261779185202,0.2834623404608982,0.7361908065426285
28.0,99.0,0.8,1116.0,-23.717200000000002,-0.21603948072626236,0.28313917476089817,0.7361908065426285
28.0,99.0,0.8,1302.0,-33.292480000000005,-0.22322451088404638,0.2828160090608982,0.7361908065426285
28.0,99.0,0.9,186.0,24.159200000000002,-0.14197435597001712,0.2847550032608982,0.7361908065426285
28.0,99.0,0.9,372.0,14.58392,-0.16049983338892476,0.2844318375608982,0.7361908065426285
28.0,99.0,0.9,558.0,5.00864,-0.19113694205347972,0.28410867186089817,0.7361908065426285
28.0,99.0,0.9,744.0,-4.5666400000000005,-0.22235676769180168,0.28378550616089826,0.7361908065426285
28.0,99.0,0.9,930.0,-14.14192,-0.2549238279185202,0.2834623404608982,0.7361908065426285
28.0,99.0,0.9,1116.0,-23.717200000000002,-0.2665371307262624,0.28313917476089817,0.7361908065426285
28.0,99.0,0.9,1302.0,-33.292480000000005,-0.27372216088404633,0.2828160090608982,0.7361908065426285
28.0,99.0,1.0,186.0,24.159200000000002,-0.17844488097001712,0.2847550032608982,0.7361908065426285
28.0,99.0,1.0,372.0,14.58392,-0.19796746499835235,0.2844318375608982,0.7361908065426285
28.0,99.0,1.0,558.0,5.00864,-0.23295298241290735,0.28410867186089817,0.7361908065426285
28.0,99.0,1.0,744.0,-4.5666400000000005,-0.2685212168012293,0.28378550616089826,0.7361908065426285
28.0,99.0,1.0,930.0,-14.14192,-0.3054214779185202,0.2834623404608982,0.7361908065426285
28.0,99.0,1.0,1116.0,-23.717200000000002,-0.3170347807262624,0.28313917476089817,0.7361908065426285
28.0,99.0,1.0,1302.0,-33.292480000000005,-0.3242198108840464,0.2828160090608982,0.7361908065426285
28.0,99.0,1.1,186.0,24.159200000000002,-0.21491540597001715,0.2847550032608982,0.7361908065426285
28.0,99.0,1.1,372.0,14.58392,-0.23543509660778006,0.2844318375608982,0.7361908065426285
28.0,99.0,1.1,558.0,5.00864,-0.274769022772335,0.28410867186089817,0.7361908065426285
28.0,99.0,1.1,744.0,-4.5666400000000005,-0.314685665910657,0.28378550616089826,0.7361908065426285
28.0,99.0,1.1,930.0,-14.14192,-0.35591912791852026,0.2834623404608982,0.7361908065426285
28.0,99.0,1.1,1116.0,-23.717200000000002,-0.36753243072626246,0.28313917476089817,0.7361908065426285
28.0,99.0,1.1,1302.0,-33.292480000000005,-0.3747174608840464,0.2828160090608982,0.7361908065426285
28.0,99.0,1.2,186.0,24.159200000000002,-0.2513859309700171,0.2847550032608982,0.7361908065426285
28.0,99.0,1.2,372.0,14.58392,-0.27290272821720757,0.2844318375608982,0.7361908065426285
28.0,99.0,1.2,558.0,5.00864,-0.3165850631317626,0.28410867186089817,0.7361908065426285
28.0,99.0,1.2,744.0,-4.5666400000000005,-0.3608501150200845,0.28378550616089826,0.7361908065426285
28.0,99.0,1.2,930.0,-14.14192,-0.40641677791852016,0.2834623404608982,0.7361908065426285
28.0,99.0,1.2,1116.0,-23.717200000000002,-0.4180300807262624,0.28313917476089817,0.7361908065426285
28.0,99.0,1.2,1302.0,-33.292480000000005,-0.4252151108840464,0.2828160090608982,0.7361908065426285
28.0,140.0,0.5,186.0,32.98568,-0.004847285022124387,0.31981930573855694,1.0110507065426284
28.0,140.0,0.5,372.0,19.44488,-0.021232638670402135,0.31936230373855695,1.0110507065426284
28.0,140.0,0.5,558.0,5.9040799999999996,-0.03803387536958031,0.3189053017385569,1.0110507065426284
28.0,140.0,0.5,744.0,-7.63672,-0.057000909961639146,0.31844829973855693,1.0110507065426284
28.0,140.0,0.5,930.0,-21.17752,-0.07916616699491569,0.31799129773855694,1.0110507065426284
28.0,140.0,0.5,1116.0,-34.718320000000006,-0.09702818206747428,0.31753429573855696,1.0110507065426284
28.0,140.0,0.5,1302.0,-48.25912,-0.10866883303100923,0.3170772937385569,1.0110507065426284
28.0,140.0,0.6,186.0,32.98568,-0.041317810022124396,0.31981930573855694,1.0110507065426284
28.0,140.0,0.6,372.0,19.44488,-0.0586958165495688,0.31936230373855695,1.0110507065426284
28.0,140.0,0.6,558.0,5.9040799999999996,-0.07984546199874698,0.3189053017385569,1.0110507065426284
28.0,140.0,0.6,744.0,-7.63672,-0.10316090534080581,0.31844829973855693,1.0110507065426284
28.0,140.0,0.6,930.0,-21.17752,-0.12966381699491566,0.31799129773855694,1.0110507065426284
28.0,140.0,0.6,1116.0,-34.718320000000006,-0.1475258320674743,0.31753429573855696,1.0110507065426284
28.0,140.0,0.6,1302.0,-48.25912,-0.15916648303100925,0.3170772937385569,1.0110507065426284
28.0,140.0,0.7,186.0,32.98568,-0.07778833502212439,0.31981930573855694,1.0110507065426284
28.0,140.0,0.7,372.0,19.44488,-0.09615899442873549,0.31936230373855695,1.0110507065426284
28.0,140.0,0.7,558.0,5.9040799999999996,-0.12165704862791366,0.3189053017385569,1.0110507065426284
28.0,140.0,0.7,744.0,-7.63672,-0.1493209007199725,0.31844829973855693,1.0110507065426284
28.0,140.0,0.7,930.0,-21.17752,-0.18016146699491567,0.31799129773855694,1.0110507065426284
28.0,140.0,0.7,1116.0,-34.718320000000006,-0.1980234820674743,0.31753429573855696,1.0110507065426284
28.0,140.0,0.7,1302.0,-48.25912,-0.20966413303100923,0.3170772937385569,1.0110507065426284
28.0,140.0,0.8,186.0,32.98568,-0.11425886002212439,0.31981930573855694,1.0110507065426284
28.0,140.0,0.8,372.0,19.44488,-0.13362217230790213,0.31936230373855695,1.0110507065426284
28.0,140.0,0.8,558.0,5.9040799999999996,-0.16346863525708033,0.3189053017385569,1.0110507065426284
28.0,140.0,0.8,744.0,-7.63672,-0.19548089609913916,0.31844829973855693,1.0110507065426284
28.0,140.0,0.8,930.0,-21.17752,-0.23065911699491567,0.31799129773855694,1.0110507065426284
28.0,140.0,0.8,1116.0,-34.718320000000006,-0.24852113206747428,0.31753429573855696,1.0110507065426284
28.0,140.0,0.8,1302.0,-48.25912,-0.2601617830310093,0.3170772937385569,1.0110507065426284
28.0,140.0,0.9,186.0,32.98568,-0.1507293850221244,0.31981930573855694,1.0110507065426284
28.0,140.0,0.9,372.0,19.44488,-0.1710853501870688,0.31936230373855695,1.0110507065426284
28.0,140.0,0.9,558.0,5.9040799999999996,-0.20528022188624703,0.3189053017385569,1.0110507065426284
28.0,140.0,0.9,744.0,-7.63672,-0.24164089147830578,0.31844829973855693,1.0110507065426284
28.0,140.0,0.9,930.0,-21.17752,-0.28115676699491565,0.31799129773855694,1.0110507065426284
28.0,140.0,0.9,1116.0,-34.718320000000006,-0.2990187820674743,0.31753429573855696,1.0110507065426284
28.0,140.0,0.9,1302.0,-48.25912,-0.31065943303100924,0.3170772937385569,1.0110507065426284
28.0,140.0,1.0,186.0,32.98568,-0.18719991002212436,0.31981930573855694,1.0110507065426284
28.0,140.0,1.0,372.0,19.44488,-0.20854852806623547,0.31936230373855695,1.0110507065426284
28.0,140.0,1.0,558.0,5.9040799999999996,-0.24709180851541368,0.3189053017385569,1.0110507065426284
28.0,140.0,1.0,744.0,-7.63672,-0.28780088685747246,0.31844829973855693,1.0110507065426284
28.0,140.0,1.0,930.0,-21.17752,-0.33165441699491566,0.31799129773855694,1.0110507065426284
28.0,140.0,1.0,1116.0,-34.718320000000006,-0.3495164320674743,0.31753429573855696,1.0110507065426284
28.0,140.0,1.0,1302.0,-48.25912,-0.36115708303100924,0.3170772937385569,1.0110507065426284
28.0,140.0,1.1,186.0,32.98568,-0.22367043502212444,0.31981930573855694,1.0110507065426284
28.0,140.0,1.1,372.0,19.44488,-0.24601170594540214,0.31936230373855695,1.0110507065426284
28.0,140.0,1.1,558.0,5.9040799999999996,-0.2889033951445804,0.3189053017385569,1.0110507065426284
28.0,140.0,1.1,744.0,-7.63672,-0.33396088223663917,0.31844829973855693,1.0110507065426284
28.0,140.0,1.1,930.0,-21.17752,-0.3821520669949157,0.31799129773855694,1.0110507065426284
28.0,140.0,1.1,1116.0,-34.718320000000006,-0.4000140820674744,0.31753429573855696,1.0110507065426284
28.0,140.0,1.1,1302.0,-48.25912,-0.4116547330310093,0.3170772937385569,1.0110507065426284
28.0,140.0,1.2,186.0,32.98568,-0.2601409600221244,0.31981930573855694,1.0110507065426284
28.0,140.0,1.2,372.0,19.44488,-0.2834748838245688,0.31936230373855695,1.0110507065426284
28.0,140.0,1.2,558.0,5.9040799999999996,-0.330714981773747,0.3189053017385569,1.0110507065426284
28.0,140.0,1.2,744.0,-7.63672,-0.3801208776158059,0.31844829973855693,1.0110507065426284
28.0,140.0,1.2,930.0,-21.17752,-0.43264971699491567,0.31799129773855694,1.0110507065426284
28.0,140.0,1.2,1116.0,-34.718320000000006,-0.4505117320674743,0.31753429573855696,1.0110507065426284
28.0,140.0,1.2,1302.0,-48.25912,-0.4621523830310093,0.3170772937385569,1.0110507065426284
35.0,99.0,0.5,186.0,24.87082,0.011181853418641806,0.297957855442513,0.7459456372589923
35.0,99.0,0.5,372.0,15.29554,-0.005413516123131763,0.29763468974251295,0.7459456372589923
35.0,99.0,0.5,558.0,5.720260000000001,-0.020090893021522203,0.297311524042513,0.7459456372589923
35.0,99.0,0.5,744.0,-3.85502,-0.034801570295324644,0.29698835834251297,0.7459456372589923
35.0,99.0,0.5,930.0,-13.4303,-0.050423912789559065,0.296665192642513,0.7459456372589923
35.0,99.0,0.5,1116.0,-23.005580000000002,-0.06217564468432535,0.296342026942513,0.7459456372589923
35.0,99.0,0.5,1302.0,-32.58086,-0.06922925940184811,0.296018861242513,0.7459456372589923
35.0,99.0,0.6,186.0,24.87082,-0.03440630283135819,0.297957855442513,0.7459456372589923
35.0,99.0,0.6,372.0,15.29554,-0.0522528080909874,0.29763468974251295,0.7459456372589923
35.0,99.0,0.6,558.0,5.720260000000001,-0.07236569592687783,0.297311524042513,0.7459456372589923
35.0,99.0,0.6,744.0,-3.85502,-0.09251188413818029,0.29698835834251297,0.7459456372589923
35.0,99.0,0.6,930.0,-13.4303,-0.11354597528955906,0.296665192642513,0.7459456372589923
35.0,99.0,0.6,1116.0,-23.005580000000002,-0.12529770718432534,0.296342026942513,0.7459456372589923
35.0,99.0,0.6,1302.0,-32.58086,-0.13235132190184812,0.296018861242513,0.7459456372589923
35.0,99.0,0.7,186.0,24.87082,-0.0799944590813582,0.297957855442513,0.7459456372589923
35.0,99.0,0.7,372.0,15.29554,-0.09909210005884304,0.29763468974251295,0.7459456372589923
35.0,99.0,0.7,558.0,5.720260000000001,-0.12464049883223348,0.297311524042513,0.7459456372589923
35.0,99.0,0.7,744.0,-3.85502,-0.15022219798103592,0.29698835834251297,0.7459456372589923
35.0,99.0,0.7,930.0,-13.4303,-0.17666803778955908,0.296665192642513,0.7459456372589923
35.0,99.0,0.7,1116.0,-23.005580000000002,-0.18841976968432533,0.296342026942513,0.7459456372589923
35.0,99.0,0.7,1302.0,-32.58086,-0.1954733844018481,0.296018861242513,0.7459456372589923
35.0,99.0,0.8,186.0,24.87082,-0.1255826153313582,0.297957855442513,0.7459456372589923
35.0,99.0,0.8,372.0,15.29554,-0.1459313920266987,0.29763468974251295,0.7459456372589923
35.0,99.0,0.8,558.0,5.720260000000001,-0.17691530173758913,0.297311524042513,0.7459456372589923
35.0,99.0,0.8,744.0,-3.85502,-0.2079325118238916,0.29698835834251297,0.7459456372589923
35.0,99.0,0.8,930.0,-13.4303,-0.23979010028955908,0.296665192642513,0.7459456372589923
35.0,99.0,0.8,1116.0,-23.005580000000002,-0.25154183218432535,0.296342026942513,0.7459456372589923
35.0,99.0,0.8,1302.0,-32.58086,-0.2585954469018481,0.296018861242513,0.7459456372589923
35.0,99.0,0.9,186.0,24.87082,-0.1711707715813582,0.297957855442513,0.7459456372589923
35.0,99.0,0.9,372.0,15.29554,-0.1927706839945543,0.29763468974251295,0.7459456372589923
35.0,99.0,0.9,558.0,5.720260000000001,-0.2291901046429448,0.297311524042513,0.7459456372589923
35.0,99.0,0.9,744.0,-3.85502,-0.26564282566674724,0.29698835834251297,0.7459456372589923
35.0,99.0,0.9,930.0,-13.4303,-0.30291216278955907,0.296665192642513,0.7459456372589923
35.0,99.0,0.9,1116.0,-23.005580000000002,-0.3146638946843254,0.296342026942513,0.7459456372589923
35.0,99.0,0.9,1302.0,-32.58086,-0.32171750940184807,0.296018861242513,0.7459456372589923
35.0,99.0,1.0,186.0,24.87082,-0.2167589278313582,0.297957855442513,0.7459456372589923
35.0,99.0,1.0,372.0,15.29554,-0.23960997596240996,0.29763468974251295,0.7459456372589923
35.0,99.0,1.0,558.0,5.720260000000001,-0.2814649075483004,0.297311524042513,0.7459456372589923
35.0,99.0,1.0,744.0,-3.85502,-0.32335313950960287,0.29698835834251297,0.7459456372589923
35.0,99.0,1.0,930.0,-13.4303,-0.3660342252895591,0.296665192642513,0.7459456372589923
35.0,99.0,1.0,1116.0,-23.005580000000002,-0.3777859571843254,0.296342026942513,0.7459456372589923
35.0,99.0,1.0,1302.0,-32.58086,-0.3848395719018481,0.296018861242513,0.7459456372589923
35.0,99.0,1.1,186.0,24.87082,-0.26234708408135826,0.297957855442513,0.7459456372589923
35.0,99.0,1.1,372.0,15.29554,-0.28644926793026565,0.29763468974251295,0.7459456372589923
35.0,99.0,1.1,558.0,5.720260000000001,-0.33373971045365614,0.297311524042513,0.7459456372589923
35.0,99.0,1.1,744.0,-3.85502,-0.38106345335245856,0.29698835834251297,0.7459456372589923
35.0,99.0,1.1,930.0,-13.4303,-0.4291562877895591,0.296665192642513,0.7459456372589923
35.0,99.0,1.1,1116.0,-23.005580000000002,-0.4409080196843254,0.296342026942513,0.7459456372589923
35.0,99.0,1.1,1302.0,-32.58086,-0.4479616344018482,0.296018861242513,0.7459456372589923
35.0,99.0,1.2,186.0,24.87082,-0.30793524033135816,0.297957855442513,0.7459456372589923
35.0,99.0,1.2,372.0,15.29554,-0.3332885598981213,0.29763468974251295,0.7459456372589923
35.0,99.0,1.2,558.0,5.720260000000001,-0.3860145133590117,0.297311524042513,0.7459456372589923
35.0,99.0,1.2,744.0,-3.85502,-0.43877376719531413,0.29698835834251297,0.7459456372589923
35.0,99.0,1.2,930.0,-13.4303,-0.4922783502895591,0.296665192642513,0.7459456372589923
35.0,99.0,1.2,1116.0,-23.005580000000002,-0.5040300821843253,0.296342026942513,0.7459456372589923
35.0,99.0,1.2,1302.0,-32.58086,-0.5110836969018482,0.296018861242513,0.7459456372589923
35.0,140.0,0.5,186.0,33.6973,0.0011521650151671392,0.3346358134871395,1.0208055372589924
35.0,140.0,0.5,372.0,20.1565,-0.017824181316645437,0.33417881148713957,1.0208055372589924
35.0,140.0,0.5,558.0,6.6157,-0.035690486914998695,0.33372180948713953,1.0208055372589924
35.0,140.0,0.5,744.0,-6.9251000000000005,-0.05484358617713686,0.3332648074871395,1.0208055372589924
35.0,140.0,0.5,930.0,-20.4659,-0.07639791684445094,0.3328078054871395,1.0208055372589924
35.0,140.0,0.5,1116.0,-34.006699999999995,-0.0930704527266376,0.33235080348713947,1.0208055372589924
35.0,140.0,0.5,1302.0,-47.5475,-0.10357205737368591,0.33189380148713954,1.0208055372589924
35.0,140.0,0.6,186.0,33.6973,-0.04443599123483286,0.3346358134871395,1.0208055372589924
35.0,140.0,0.6,372.0,20.1565,-0.06465651433096836,0.33417881148713957,1.0208055372589924
35.0,140.0,0.6,558.0,6.6157,-0.08795833086682163,0.33372180948713953,1.0208055372589924
35.0,140.0,0.6,744.0,-6.9251000000000005,-0.11254694106645978,0.3332648074871395,1.0208055372589924
35.0,140.0,0.6,930.0,-20.4659,-0.1395199793444509,0.3328078054871395,1.0208055372589924
35.0,140.0,0.6,1116.0,-34.006699999999995,-0.15619251522663763,0.33235080348713947,1.0208055372589924
35.0,140.0,0.6,1302.0,-47.5475,-0.1666941198736859,0.33189380148713954,1.0208055372589924
35.0,140.0,0.7,186.0,33.6973,-0.09002414748483287,0.3346358134871395,1.0208055372589924
35.0,140.0,0.7,372.0,20.1565,-0.11148884734529127,0.33417881148713957,1.0208055372589924
35.0,140.0,0.7,558.0,6.6157,-0.14022617481864452,0.33372180948713953,1.0208055372589924
35.0,140.0,0.7,744.0,-6.9251000000000005,-0.1702502959557827,0.3332648074871395,1.0208055372589924
35.0,140.0,0.7,930.0,-20.4659,-0.20264204184445092,0.3328078054871395,1.0208055372589924
35.0,140.0,0.7,1116.0,-34.006699999999995,-0.21931457772663762,0.33235080348713947,1.0208055372589924
35.0,140.0,0.7,1302.0,-47.5475,-0.2298161823736859,0.33189380148713954,1.0208055372589924
35.0,140.0,0.8,186.0,33.6973,-0.13561230373483288,0.3346358134871395,1.0208055372589924
35.0,140.0,0.8,372.0,20.1565,-0.1583211803596142,0.33417881148713957,1.0208055372589924
35.0,140.0,0.8,558.0,6.6157,-0.19249401877046748,0.33372180948713953,1.0208055372589924
35.0,140.0,0.8,744.0,-6.9251000000000005,-0.22795365084510558,0.3332648074871395,1.0208055372589924
35.0,140.0,0.8,930.0,-20.4659,-0.26576410434445097,0.3328078054871395,1.0208055372589924
35.0,140.0,0.8,1116.0,-34.006699999999995,-0.2824366402266376,0.33235080348713947,1.0208055372589924
35.0,140.0,0.8,1302.0,-47.5475,-0.2929382448736859,0.33189380148713954,1.0208055372589924
35.0,140.0,0.9,186.0,33.6973,-0.18120045998483286,0.3346358134871395,1.0208055372589924
35.0,140.0,0.9,372.0,20.1565,-0.2051535133739371,0.33417881148713957,1.0208055372589924
35.0,140.0,0.9,558.0,6.6157,-0.24476186272229034,0.33372180948713953,1.0208055372589924
35.0,140.0,0.9,744.0,-6.9251000000000005,-0.28565700573442854,0.3332648074871395,1.0208055372589924
35.0,140.0,0.9,930.0,-20.4659,-0.32888616684445093,0.3328078054871395,1.0208055372589924
35.0,140.0,0.9,1116.0,-34.006699999999995,-0.34555870272663763,0.33235080348713947,1.0208055372589924
35.0,140.0,0.9,1302.0,-47.5475,-0.3560603073736859,0.33189380148713954,1.0208055372589924
35.0,140.0,1.0,186.0,33.6973,-0.22678861623483287,0.3346358134871395,1.0208055372589924
35.0,140.0,1.0,372.0,20.1565,-0.25198584638826005,0.33417881148713957,1.0208055372589924
35.0,140.0,1.0,558.0,6.6157,-0.29702970667411327,0.33372180948713953,1.0208055372589924
35.0,140.0,1.0,744.0,-6.9251000000000005,-0.3433603606237514,0.3332648074871395,1.0208055372589924
35.0,140.0,1.0,930.0,-20.4659,-0.39200822934445095,0.3328078054871395,1.0208055372589924
35.0,140.0,1.0,1116.0,-34.006699999999995,-0.4086807652266377,0.33235080348713947,1.0208055372589924
35.0,140.0,1.0,1302.0,-47.5475,-0.41918236987368596,0.33189380148713954,1.0208055372589924
35.0,140.0,1.1,186.0,33.6973,-0.27237677248483294,0.3346358134871395,1.0208055372589924
35.0,140.0,1.1,372.0,20.1565,-0.29881817940258304,0.33417881148713957,1.0208055372589924
35.0,140.0,1.1,558.0,6.6157,-0.34929755062593626,0.33372180948713953,1.0208055372589924
35.0,140.0,1.1,744.0,-6.9251000000000005,-0.4010637155130744,0.3332648074871395,1.0208055372589924
35.0,140.0,1.1,930.0,-20.4659,-0.45513029184445103,0.3328078054871395,1.0208055372589924
35.0,140.0,1.1,1116.0,-34.006699999999995,-0.4718028277266377,0.33235080348713947,1.0208055372589924
35.0,140.0,1.1,1302.0,-47.5475,-0.48230443237368587,0.33189380148713954,1.0208055372589924
35.0,140.0,1.2,186.0,33.6973,-0.3179649287348329,0.3346358134871395,1.0208055372589924
35.0,140.0,1.2,372.0,20.1565,-0.3456505124169059,0.33417881148713957,1.0208055372589924
35.0,140.0,1.2,558.0,6.6157,-0.4015653945777591,0.33372180948713953,1.0208055372589924
35.0,140.0,1.2,744.0,-6.9251000000000005,-0.4587670704023973,0.3332648074871395,1.0208055372589924
35.0,140.0,1.2,930.0,-20.4659,-0.5182523543444509,0.3328078054871395,1.0208055372589924
35.0,140.0,1.2,1116.0,-34.006699999999995,-0.5349248902266376,0.33235080348713947,1.0208055372589924
35.0,140.0,1.2,1302.0,-47.5475,-0.5454264948736859,0.33189380148713954,1.0208055372589924
42.0,99.0,0.5,186.0,25.582440000000002,0.01907462732255159,0.30936996942557177,0.7542873352176388
42.0,99.0,0.5,372.0,16.007160000000002,0.0007549971359841882,0.30904680372557175,0.7542873352176388
42.0,99.0,0.5,558.0,6.43188,-0.015182661079210584,0.3087236380255718,0.7542873352176388
42.0,99.0,0.5,744.0,-3.143400000000001,-0.030955834727823553,0.3084004723255718,0.7542873352176388
42.0,99.0,0.5,930.0,-12.71868,-0.04727763414381437,0.30807730662557176,0.7542873352176388
42.0,99.0,0.5,1116.0,-22.29396,-0.05960779201877841,0.30775414092557174,0.7542873352176388
42.0,99.0,0.5,1302.0,-31.86924,-0.06681582014101627,0.3074309752255718,0.7542873352176388
42.0,99.0,0.6,186.0,25.582440000000002,-0.035631160177448405,0.30936996942557177,0.7542873352176388
42.0,99.0,0.6,372.0,16.007160000000002,-0.05545785617272793,0.30904680372557175,0.7542873352176388
42.0,99.0,0.6,558.0,6.43188,-0.0779181275129227,0.3087236380255718,0.7542873352176388
42.0,99.0,0.6,744.0,-3.143400000000001,-0.10021391428653566,0.3084004723255718,0.7542873352176388
42.0,99.0,0.6,930.0,-12.71868,-0.12302410914381434,0.30807730662557176,0.7542873352176388
42.0,99.0,0.6,1116.0,-22.29396,-0.1353542670187784,0.30775414092557174,0.7542873352176388
42.0,99.0,0.6,1302.0,-31.86924,-0.14256229514101623,0.3074309752255718,0.7542873352176388
42.0,99.0,0.7,186.0,25.582440000000002,-0.09033694767744839,0.30936996942557177,0.7542873352176388
42.0,99.0,0.7,372.0,16.007160000000002,-0.11167070948144005,0.30904680372557175,0.7542873352176388
42.0,99.0,0.7,558.0,6.43188,-0.1406535939466348,0.3087236380255718,0.7542873352176388
42.0,99.0,0.7,744.0,-3.143400000000001,-0.16947199384524778,0.3084004723255718,0.7542873352176388
42.0,99.0,0.7,930.0,-12.71868,-0.19877058414381435,0.30807730662557176,0.7542873352176388
42.0,99.0,0.7,1116.0,-22.29396,-0.2111007420187784,0.30775414092557174,0.7542873352176388
42.0,99.0,0.7,1302.0,-31.86924,-0.21830877014101624,0.3074309752255718,0.7542873352176388
42.0,99.0,0.8,186.0,25.582440000000002,-0.14504273517744837,0.30936996942557177,0.7542873352176388
42.0,99.0,0.8,372.0,16.007160000000002,-0.16788356279015215,0.30904680372557175,0.7542873352176388
42.0,99.0,0.8,558.0,6.43188,-0.20338906038034693,0.3087236380255718,0.7542873352176388
42.0,99.0,0.8,744.0,-3.143400000000001,-0.23873007340395988,0.3084004723255718,0.7542873352176388
42.0,99.0,0.8,930.0,-12.71868,-0.2745170591438143,0.30807730662557176,0.7542873352176388
42.0,99.0,0.8,1116.0,-22.29396,-0.28684721701877836,0.30775414092557174,0.7542873352176388
42.0,99.0,0.8,1302.0,-31.86924,-0.2940552451410162,0.3074309752255718,0.7542873352176388
42.0,99.0,0.9,186.0,25.582440000000002,-0.1997485226774484,0.30936996942557177,0.7542873352176388
42.0,99.0,0.9,372.0,16.007160000000002,-0.22409641609886424,0.30904680372557175,0.7542873352176388
42.0,99.0,0.9,558.0,6.43188,-0.266124526814059,0.3087236380255718,0.7542873352176388
42.0,99.0,0.9,744.0,-3.143400000000001,-0.30798815296267196,0.3084004723255718,0.7542873352176388
42.0,99.0,0.9,930.0,-12.71868,-0.35026353414381434,0.30807730662557176,0.7542873352176388
42.0,99.0,0.9,1116.0,-22.29396,-0.36259369201877834,0.30775414092557174,0.7542873352176388
42.0,99.0,0.9,1302.0,-31.86924,-0.3698017201410162,0.3074309752255718,0.7542873352176388
42.0,99.0,1.0,186.0,25.582440000000002,-0.25445431017744835,0.30936996942557177,0.7542873352176388
42.0,99.0,1.0,372.0,16.007160000000002,-0.28030926940757633,0.30904680372557175,0.7542873352176388
42.0,99.0,1.0,558.0,6.43188,-0.3288599932477711,0.3087236380255718,0.7542873352176388
42.0,99.0,1.0,744.0,-3.143400000000001,-0.3772462325213841,0.3084004723255718,0.7542873352176388
42.0,99.0,1.0,930.0,-12.71868,-0.42601000914381426,0.30807730662557176,0.7542873352176388
42.0,99.0,1.0,1116.0,-22.29396,-0.43834016701877837,0.30775414092557174,0.7542873352176388
42.0,99.0,1.0,1302.0,-31.86924,-0.44554819514101623,0.3074309752255718,0.7542873352176388
42.0,99.0,1.1,186.0,25.582440000000002,-0.3091600976774484,0.30936996942557177,0.7542873352176388
42.0,99.0,1.1,372.0,16.007160000000002,-0.3365221227162886,0.30904680372557175,0.7542873352176388
42.0,99.0,1.1,558.0,6.43188,-0.39159545968148335,0.3087236380255718,0.7542873352176388
42.0,99.0,1.1,744.0,-3.143400000000001,-0.4465043120800963,0.3084004723255718,0.7542873352176388
42.0,99.0,1.1,930.0,-12.71868,-0.5017564841438144,0.30807730662557176,0.7542873352176388
42.0,99.0,1.1,1116.0,-22.29396,-0.5140866420187784,0.30775414092557174,0.7542873352176388
42.0,99.0,1.1,1302.0,-31.86924,-0.5212946701410164,0.3074309752255718,0.7542873352176388
42.0,99.0,1.2,186.0,25.582440000000002,-0.3638658851774484,0.30936996942557177,0.7542873352176388
42.0,99.0,1.2,372.0,16.007160000000002,-0.3927349760250006,0.30904680372557175,0.7542873352176388
42.0,99.0,1.2,558.0,6.43188,-0.4543309261151953,0.3087236380255718,0.7542873352176388
42.0,99.0,1.2,744.0,-3.143400000000001,-0.5157623916388083,0.3084004723255718,0.7542873352176388
42.0,99.0,1.2,930.0,-12.71868,-0.5775029591438142,0.30807730662557176,0.7542873352176388
42.0,99.0,1.2,1116.0,-22.29396,-0.5898331170187783,0.30775414092557174,0.7542873352176388
42.0,99.0,1.2,1302.0,-31.86924,-0.5970411451410161,0.3074309752255718,0.7542873352176388
42.0,140.0,0.5,186.0,34.40892,0.007925685628466883,0.3474423197516306,1.0291472352176387
42.0,140.0,0.5,372.0,20.86812,-0.01339863947363089,0.34698531775163055,1.0291472352176387
42.0,140.0,0.5,558.0,7.327319999999999,-0.032610974284060304,0.3465283157516306,1.0291472352176387
42.0,140.0,0.5,744.0,-6.2134800000000014,-0.05242840526079318,0.3460713137516306,1.0291472352176387
42.0,140.0,0.5,930.0,-19.754279999999998,-0.07404511634668859,0.3456143117516306,1.0291472352176387
42.0,140.0,0.5,1116.0,-33.29508,-0.09044008285525676,0.3451573097516306,1.0291472352176387
42.0,140.0,0.5,1302.0,-46.83588,-0.10050101480013168,0.3447003077516306,1.0291472352176387
42.0,140.0,0.6,186.0,34.40892,-0.04678010187153311,0.3474423197516306,1.0291472352176387
42.0,140.0,0.6,372.0,20.86812,-0.06960147188925586,0.34698531775163055,1.0291472352176387
42.0,140.0,0.6,558.0,7.327319999999999,-0.0953364198246853,0.3465283157516306,1.0291472352176387
42.0,140.0,0.6,744.0,-6.2134800000000014,-0.12167646392641818,0.3460713137516306,1.0291472352176387
42.0,140.0,0.6,930.0,-19.754279999999998,-0.14979159134668857,0.3456143117516306,1.0291472352176387
42.0,140.0,0.6,1116.0,-33.29508,-0.16618655785525677,0.3451573097516306,1.0291472352176387
42.0,140.0,0.6,1302.0,-46.83588,-0.17624748980013166,0.3447003077516306,1.0291472352176387
42.0,140.0,0.7,186.0,34.40892,-0.10148588937153309,0.3474423197516306,1.0291472352176387
42.0,140.0,0.7,372.0,20.86812,-0.12580430430488085,0.34698531775163055,1.0291472352176387
42.0,140.0,0.7,558.0,7.327319999999999,-0.15806186536531028,0.3465283157516306,1.0291472352176387
42.0,140.0,0.7,744.0,-6.2134800000000014,-0.19092452259204318,0.3460713137516306,1.0291472352176387
42.0,140.0,0.7,930.0,-19.754279999999998,-0.22553806634668852,0.3456143117516306,1.0291472352176387
42.0,140.0,0.7,1116.0,-33.29508,-0.24193303285525675,0.3451573097516306,1.0291472352176387
42.0,140.0,0.7,1302.0,-46.83588,-0.2519939648001317,0.3447003077516306,1.0291472352176387
42.0,140.0,0.8,186.0,34.40892,-0.15619167687153307,0.3474423197516306,1.0291472352176387
42.0,140.0,0.8,372.0,20.86812,-0.18200713672050584,0.34698531775163055,1.0291472352176387
42.0,140.0,0.8,558.0,7.327319999999999,-0.22078731090593526,0.3465283157516306,1.0291472352176387
42.0,140.0,0.8,744.0,-6.2134800000000014,-0.2601725812576681,0.3460713137516306,1.0291472352176387
42.0,140.0,0.8,930.0,-19.754279999999998,-0.30128454134668853,0.3456143117516306,1.0291472352176387
42.0,140.0,0.8,1116.0,-33.29508,-0.3176795078552567,0.3451573097516306,1.0291472352176387
42.0,140.0,0.8,1302.0,-46.83588,-0.3277404398001317,0.3447003077516306,1.0291472352176387
42.0,140.0,0.9,186.0,34.40892,-0.2108974643715331,0.3474423197516306,1.0291472352176387
42.0,140.0,0.9,372.0,20.86812,-0.23820996913613082,0.34698531775163055,1.0291472352176387
42.0,140.0,0.9,558.0,7.327319999999999,-0.28351275644656027,0.3465283157516306,1.0291472352176387
42.0,140.0,0.9,744.0,-6.2134800000000014,-0.3294206399232932,0.3460713137516306,1.0291472352176387
42.0,140.0,0.9,930.0,-19.754279999999998,-0.3770310163466885,0.3456143117516306,1.0291472352176387
42.0,140.0,0.9,1116.0,-33.29508,-0.3934259828552567,0.3451573097516306,1.0291472352176387
42.0,140.0,0.9,1302.0,-46.83588,-0.40348691480013166,0.3447003077516306,1.0291472352176387
42.0,140.0,1.0,186.0,34.40892,-0.26560325187153305,0.3474423197516306,1.0291472352176387
42.0,140.0,1.0,372.0,20.86812,-0.2944128015517558,0.34698531775163055,1.0291472352176387
42.0,140.0,1.0,558.0,7.327319999999999,-0.3462382019871853,0.3465283157516306,1.0291472352176387
42.0,140.0,1.0,744.0,-6.2134800000000014,-0.3986686985889181,0.3460713137516306,1.0291472352176387
42.0,140.0,1.0,930.0,-19.754279999999998,-0.45277749134668854,0.3456143117516306,1.0291472352176387
42.0,140.0,1.0,1116.0,-33.29508,-0.46917245785525674,0.3451573097516306,1.0291472352176387
42.0,140.0,1.0,1302.0,-46.83588,-0.4792333898001315,0.3447003077516306,1.0291472352176387
42.0,140.0,1.1,186.0,34.40892,-0.32030903937153316,0.3474423197516306,1.0291472352176387
42.0,140.0,1.1,372.0,20.86812,-0.3506156339673809,0.34698531775163055,1.0291472352176387
42.0,140.0,1.1,558.0,7.327319999999999,-0.40896364752781045,0.3465283157516306,1.0291472352176387
42.0,140.0,1.1,744.0,-6.2134800000000014,-0.4679167572545432,0.3460713137516306,1.0291472352176387
42.0,140.0,1.1,930.0,-19.754279999999998,-0.5285239663466886,0.3456143117516306,1.0291472352176387
42.0,140.0,1.1,1116.0,-33.29508,-0.5449189328552568,0.3451573097516306,1.0291472352176387
42.0,140.0,1.1,1302.0,-46.83588,-0.5549798648001317,0.3447003077516306,1.0291472352176387
42.0,140.0,1.2,186.0,34.40892,-0.375014826871533,0.3474423197516306,1.0291472352176387
42.0,140.0,1.2,372.0,20.86812,-0.4068184663830058,0.34698531775163055,1.0291472352176387
42.0,140.0,1.2,558.0,7.327319999999999,-0.4716890930684353,0.3465283157516306,1.0291472352176387
42.0,140.0,1.2,744.0,-6.2134800000000014,-0.5371648159201682,0.3460713137516306,1.0291472352176387
42.0,140.0,1.2,930.0,-19.754279999999998,-0.6042704413466886,0.3456143117516306,1.0291472352176387
42.0,140.0,1.2,1116.0,-33.29508,-0.6206654078552567,0.3451573097516306,1.0291472352176387
42.0,140.0,1.2,1302.0,-46.83588,-0.6307263398001316,0.3447003077516306,1.0291472352176387
49.0,99.0,0.5,186.0,26.29406,0.027445293223467355,0.319489765827773,0.7612159004185679
49.0,99.0,0.5,372.0,16.71878,0.007598862045804126,0.31916660012777304,0.7612159004185679
49.0,99.0,0.5,558.0,7.1435,-0.00925211354054102,0.318843434427773,0.7612159004185679
49.0,99.0,0.5,744.0,-2.43178,-0.02613084952567027,0.318520268727773,0.7612159004185679
49.0,99.0,0.5,930.0,-12.00706,-0.04328764937406646,0.31819710302777304,0.7612159004185679
49.0,99.0,0.5,1116.0,-21.582340000000002,-0.05648051019373742,0.317873937327773,0.7612159004185679
49.0,99.0,0.5,1302.0,-31.15762,-0.06402242634915699,0.317550771627773,0.7612159004185679
49.0,99.0,0.6,186.0,26.29406,-0.03637812552653265,0.319489765827773,0.7612159004185679
49.0,99.0,0.6,372.0,16.71878,-0.05798945358619294,0.31916660012777304,0.7612159004185679
49.0,99.0,0.6,558.0,7.1435,-0.08245014448503808,0.318843434427773,0.7612159004185679
49.0,99.0,0.6,744.0,-2.43178,-0.10693859578266732,0.318520268727773,0.7612159004185679
49.0,99.0,0.6,930.0,-12.00706,-0.13165853687406648,0.31819710302777304,0.7612159004185679
49.0,99.0,0.6,1116.0,-21.582340000000002,-0.14485139769373742,0.317873937327773,0.7612159004185679
49.0,99.0,0.6,1302.0,-31.15762,-0.152393313849157,0.317550771627773,0.7612159004185679
49.0,99.0,0.7,186.0,26.29406,-0.10020154427653266,0.319489765827773,0.7612159004185679
49.0,99.0,0.7,372.0,16.71878,-0.12357776921819,0.31916660012777304,0.7612159004185679
49.0,99.0,0.7,558.0,7.1435,-0.15564817542953513,0.318843434427773,0.7612159004185679
49.0,99.0,0.7,744.0,-2.43178,-0.18774634203966437,0.318520268727773,0.7612159004185679
49.0,99.0,0.7,930.0,-12.00706,-0.22002942437406647,0.31819710302777304,0.7612159004185679
49.0,99.0,0.7,1116.0,-21.582340000000002,-0.23322228519373744,0.317873937327773,0.7612159004185679
49.0,99.0,0.7,1302.0,-31.15762,-0.24076420134915702,0.317550771627773,0.7612159004185679
49.0,99.0,0.8,186.0,26.29406,-0.16402496302653266,0.319489765827773,0.7612159004185679
49.0,99.0,0.8,372.0,16.71878,-0.18916608485018707,0.31916660012777304,0.7612159004185679
49.0,99.0,0.8,558.0,7.1435,-0.2288462063740322,0.318843434427773,0.7612159004185679
49.0,99.0,0.8,744.0,-2.43178,-0.2685540882966614,0.318520268727773,0.7612159004185679
49.0,99.0,0.8,930.0,-12.00706,-0.3084003118740664,0.31819710302777304,0.7612159004185679
49.0,99.0,0.8,1116.0,-21.582340000000002,-0.32159317269373744,0.317873937327773,0.7612159004185679
49.0,99.0,0.8,1302.0,-31.15762,-0.329135088849157,0.317550771627773,0.7612159004185679
49.0,99.0,0.9,186.0,26.29406,-0.22784838177653263,0.319489765827773,0.7612159004185679
49.0,99.0,0.9,372.0,16.71878,-0.2547544004821841,0.31916660012777304,0.7612159004185679
49.0,99.0,0.9,558.0,7.1435,-0.30204423731852925,0.318843434427773,0.7612159004185679
49.0,99.0,0.9,744.0,-2.43178,-0.34936183455365843,0.318520268727773,0.7612159004185679
49.0,99.0,0.9,930.0,-12.00706,-0.39677119937406646,0.31819710302777304,0.7612159004185679
49.0,99.0,0.9,1116.0,-21.582340000000002,-0.40996406019373743,0.317873937327773,0.7612159004185679
49.0,99.0,0.9,1302.0,-31.15762,-0.417505976349157,0.317550771627773,0.7612159004185679
49.0,99.0,1.0,186.0,26.29406,-0.29167180052653263,0.319489765827773,0.7612159004185679
49.0,99.0,1.0,372.0,16.71878,-0.3203427161141812,0.31916660012777304,0.7612159004185679
49.0,99.0,1.0,558.0,7.1435,-0.3752422682630263,0.318843434427773,0.7612159004185679
49.0,99.0,1.0,744.0,-2.43178,-0.43016958081065554,0.318520268727773,0.7612159004185679
49.0,99.0,1.0,930.0,-12.00706,-0.48514208687406646,0.31819710302777304,0.7612159004185679
49.0,99.0,1.0,1116.0,-21.582340000000002,-0.4983349476937375,0.317873937327773,0.7612159004185679
49.0,99.0,1.0,1302.0,-31.15762,-0.505876863849157,0.317550771627773,0.7612159004185679
49.0,99.0,1.1,186.0,26.29406,-0.3554952192765327,0.319489765827773,0.7612159004185679
49.0,99.0,1.1,372.0,16.71878,-0.3859310317461783,0.31916660012777304,0.7612159004185679
49.0,99.0,1.1,558.0,7.1435,-0.44844029920752354,0.318843434427773,0.7612159004185679
49.0,99.0,1.1,744.0,-2.43178,-0.5109773270676528,0.318520268727773,0.7612159004185679
49.0,99.0,1.1,930.0,-12.00706,-0.5735129743740667,0.31819710302777304,0.7612159004185679
49.0,99.0,1.1,1116.0,-21.582340000000002,-0.5867058351937375,0.317873937327773,0.7612159004185679
49.0,99.0,1.1,1302.0,-31.15762,-0.5942477513491571,0.317550771627773,0.7612159004185679
49.0,99.0,1.2,186.0,26.29406,-0.41931863802653274,0.319489765827773,0.7612159004185679
49.0,99.0,1.2,372.0,16.71878,-0.45151934737817523,0.31916660012777304,0.7612159004185679
49.0,99.0,1.2,558.0,7.1435,-0.5216383301520204,0.318843434427773,0.7612159004185679
49.0,99.0,1.2,744.0,-2.43178,-0.5917850733246496,0.318520268727773,0.7612159004185679
49.0,99.0,1.2,930.0,-12.00706,-0.6618838618740666,0.31819710302777304,0.7612159004185679
49.0,99.0,1.2,1116.0,-21.582340000000002,-0.6750767226937374,0.317873937327773,0.7612159004185679
49.0,99.0,1.2,1302.0,-31.15762,-0.6826186388491571,0.317550771627773,0.7612159004185679
49.0,140.0,0.5,186.0,35.120540000000005,0.015279223384746013,0.3587982732454621,1.036075800418568
49.0,140.0,0.5,372.0,21.57974,-0.008061021998884617,0.3583412712454621,1.036075800418568
49.0,140.0,0.5,558.0,8.03894,-0.028715254652523337,0.3578842692454621,1.036075800418568
49.0,140.0,0.5,744.0,-5.501860000000001,-0.049454331175217095,0.35742726724546203,1.036075800418568
49.0,140.0,0.5,930.0,-19.04266,-0.07150098744222785,0.35697026524546216,1.036075800418568
49.0,140.0,0.5,1116.0,-32.58346,-0.0880930028548318,0.3565132632454621,1.036075800418568
49.0,140.0,0.5,1302.0,-46.12426000000001,-0.09806569967376304,0.3560562612454621,1.036075800418568
49.0,140.0,0.6,186.0,35.120540000000005,-0.048544195365253985,0.3587982732454621,1.036075800418568
49.0,140.0,0.6,372.0,21.57974,-0.07363569808195754,0.3583412712454621,1.036075800418568
49.0,140.0,0.6,558.0,8.03894,-0.10189964604809626,0.3578842692454621,1.036075800418568
49.0,140.0,0.6,744.0,-5.501860000000001,-0.13024843788329002,0.35742726724546203,1.036075800418568
49.0,140.0,0.6,930.0,-19.04266,-0.15987187494222785,0.35697026524546216,1.036075800418568
49.0,140.0,0.6,1116.0,-32.58346,-0.17646389035483181,0.3565132632454621,1.036075800418568
49.0,140.0,0.6,1302.0,-46.12426000000001,-0.18643658717376305,0.3560562612454621,1.036075800418568
49.0,140.0,0.7,186.0,35.120540000000005,-0.112367614115254,0.3587982732454621,1.036075800418568
49.0,140.0,0.7,372.0,21.57974,-0.13921037416503046,0.3583412712454621,1.036075800418568
49.0,140.0,0.7,558.0,8.03894,-0.17508403744366918,0.3578842692454621,1.036075800418568
49.0,140.0,0.7,744.0,-5.501860000000001,-0.21104254459136293,0.35742726724546203,1.036075800418568
49.0,140.0,0.7,930.0,-19.04266,-0.24824276244222784,0.35697026524546216,1.036075800418568
49.0,140.0,0.7,1116.0,-32.58346,-0.26483477785483184,0.3565132632454621,1.036075800418568
49.0,140.0,0.7,1302.0,-46.12426000000001,-0.27480747467376304,0.3560562612454621,1.036075800418568
49.0,140.0,0.8,186.0,35.120540000000005,-0.17619103286525398,0.3587982732454621,1.036075800418568
49.0,140.0,0.8,372.0,21.57974,-0.2047850502481034,0.3583412712454621,1.036075800418568
49.0,140.0,0.8,558.0,8.03894,-0.24826842883924208,0.3578842692454621,1.036075800418568
49.0,140.0,0.8,744.0,-5.501860000000001,-0.29183665129943587,0.35742726724546203,1.036075800418568
49.0,140.0,0.8,930.0,-19.04266,-0.33661364994222787,0.35697026524546216,1.036075800418568
49.0,140.0,0.8,1116.0,-32.58346,-0.35320566535483183,0.3565132632454621,1.036075800418568
49.0,140.0,0.8,1302.0,-46.12426000000001,-0.3631783621737631,0.3560562612454621,1.036075800418568
49.0,140.0,0.9,186.0,35.120540000000005,-0.240014451615254,0.3587982732454621,1.036075800418568
49.0,140.0,0.9,372.0,21.57974,-0.2703597263311763,0.3583412712454621,1.036075800418568
49.0,140.0,0.9,558.0,8.03894,-0.32145282023481503,0.3578842692454621,1.036075800418568
49.0,140.0,0.9,744.0,-5.501860000000001,-0.3726307580075088,0.35742726724546203,1.036075800418568
49.0,140.0,0.9,930.0,-19.04266,-0.42498453744222786,0.35697026524546216,1.036075800418568
49.0,140.0,0.9,1116.0,-32.58346,-0.44157655285483177,0.3565132632454621,1.036075800418568
49.0,140.0,0.9,1302.0,-46.12426000000001,-0.45154924967376303,0.3560562612454621,1.036075800418568
49.0,140.0,1.0,186.0,35.120540000000005,-0.303837870365254,0.3587982732454621,1.036075800418568
49.0,140.0,1.0,372.0,21.57974,-0.3359344024142492,0.3583412712454621,1.036075800418568
49.0,140.0,1.0,558.0,8.03894,-0.39463721163038795,0.3578842692454621,1.036075800418568
49.0,140.0,1.0,744.0,-5.501860000000001,-0.45342486471558163,0.35742726724546203,1.036075800418568
49.0,140.0,1.0,930.0,-19.04266,-0.5133554249422279,0.35697026524546216,1.036075800418568
49.0,140.0,1.0,1116.0,-32.58346,-0.5299474403548318,0.3565132632454621,1.036075800418568
49.0,140.0,1.0,1302.0,-46.12426000000001,-0.539920137173763,0.3560562612454621,1.036075800418568
49.0,140.0,1.1,186.0,35.120540000000005,-0.36766128911525403,0.3587982732454621,1.036075800418568
49.0,140.0,1.1,372.0,21.57974,-0.40150907849732226,0.3583412712454621,1.036075800418568
49.0,140.0,1.1,558.0,8.03894,-0.46782160302596093,0.3578842692454621,1.036075800418568
49.0,140.0,1.1,744.0,-5.501860000000001,-0.5342189714236546,0.35742726724546203,1.036075800418568
49.0,140.0,1.1,930.0,-19.04266,-0.601726312442228,0.35697026524546216,1.036075800418568
49.0,140.0,1.1,1116.0,-32.58346,-0.6183183278548321,0.3565132632454621,1.036075800418568
49.0,140.0,1.1,1302.0,-46.12426000000001,-0.6282910246737631,0.3560562612454621,1.036075800418568
49.0,140.0,1.2,186.0,35.120540000000005,-0.43148470786525395,0.3587982732454621,1.036075800418568
49.0,140.0,1.2,372.0,21.57974,-0.4670837545803951,0.3583412712454621,1.036075800418568
49.0,140.0,1.2,558.0,8.03894,-0.5410059944215337,0.3578842692454621,1.036075800418568
49.0,140.0,1.2,744.0,-5.501860000000001,-0.6150130781317275,0.35742726724546203,1.036075800418568
49.0,140.0,1.2,930.0,-19.04266,-0.6900971999422277,0.35697026524546216,1.036075800418568
49.0,140.0,1.2,1116.0,-32.58346,-0.7066892153548318,0.3565132632454621,1.036075800418568
49.0,140.0,1.2,1302.0,-46.12426000000001,-0.716661912173763,0.3560562612454621,1.036075800418568
56.0,99.0,0.5,186.0,27.005679999999998,0.03617764432602114,0.32862671174106955,0.7667313328617797
56.0,99.0,0.5,372.0,17.430400000000002,0.014971446375775,0.3283035460410695,0.7667313328617797
56.0,99.0,0.5,558.0,7.85512,-0.0025655198198962894,0.3279803803410695,0.7667313328617797
56.0,99.0,0.5,744.0,-1.72016,-0.020372142584565784,0.3276572146410695,0.7667313328617797
56.0,99.0,0.5,930.0,-11.295440000000001,-0.03843190787573318,0.32733404894106954,0.7667313328617797
56.0,99.0,0.5,1116.0,-20.870720000000002,-0.052644321327424144,0.3270108832410695,0.7667313328617797
56.0,99.0,0.5,1302.0,-30.445999999999998,-0.06064656728269126,0.3266877175410695,0.7667313328617797
56.0,99.0,0.6,186.0,27.005679999999998,-0.036763405673978865,0.32862671174106955,0.7667313328617797
56.0,99.0,0.6,372.0,17.430400000000002,-0.059994232561935444,0.3283035460410695,0.7667313328617797
56.0,99.0,0.6,558.0,7.85512,-0.08622801625760673,0.3279803803410695,0.7667313328617797
56.0,99.0,0.6,744.0,-1.72016,-0.11273145652227622,0.3276572146410695,0.7667313328617797
56.0,99.0,0.6,930.0,-11.295440000000001,-0.13942720787573318,0.32733404894106954,0.7667313328617797
56.0,99.0,0.6,1116.0,-20.870720000000002,-0.15363962132742415,0.3270108832410695,0.7667313328617797
56.0,99.0,0.6,1302.0,-30.445999999999998,-0.16164186728269125,0.3266877175410695,0.7667313328617797
56.0,99.0,0.7,186.0,27.005679999999998,-0.10970445567397885,0.32862671174106955,0.7667313328617797
56.0,99.0,0.7,372.0,17.430400000000002,-0.1349599114996459,0.3283035460410695,0.7667313328617797
56.0,99.0,0.7,558.0,7.85512,-0.16989051269531716,0.3279803803410695,0.7667313328617797
56.0,99.0,0.7,744.0,-1.72016,-0.20509077045998667,0.3276572146410695,0.7667313328617797
56.0,99.0,0.7,930.0,-11.295440000000001,-0.2404225078757332,0.32733404894106954,0.7667313328617797
56.0,99.0,0.7,1116.0,-20.870720000000002,-0.2546349213274241,0.3270108832410695,0.7667313328617797
56.0,99.0,0.7,1302.0,-30.445999999999998,-0.26263716728269126,0.3266877175410695,0.7667313328617797
56.0,99.0,0.8,186.0,27.005679999999998,-0.1826455056739789,0.32862671174106955,0.7667313328617797
56.0,99.0,0.8,372.0,17.430400000000002,-0.20992559043735634,0.3283035460410695,0.7667313328617797
56.0,99.0,0.8,558.0,7.85512,-0.25355300913302764,0.3279803803410695,0.7667313328617797
56.0,99.0,0.8,744.0,-1.72016,-0.29745008439769716,0.3276572146410695,0.7667313328617797
56.0,99.0,0.8,930.0,-11.295440000000001,-0.3414178078757332,0.32733404894106954,0.7667313328617797
56.0,99.0,0.8,1116.0,-20.870720000000002,-0.3556302213274241,0.3270108832410695,0.7667313328617797
56.0,99.0,0.8,1302.0,-30.445999999999998,-0.3636324672826913,0.3266877175410695,0.7667313328617797
56.0,99.0,0.9,186.0,27.005679999999998,-0.25558655567397887,0.32862671174106955,0.7667313328617797
56.0,99.0,0.9,372.0,17.430400000000002,-0.28489126937506676,0.3283035460410695,0.7667313328617797
56.0,99.0,0.9,558.0,7.85512,-0.3372155055707381,0.3279803803410695,0.7667313328617797
56.0,99.0,0.9,744.0,-1.72016,-0.38980939833540756,0.3276572146410695,0.7667313328617797
56.0,99.0,0.9,930.0,-11.295440000000001,-0.44241310787573324,0.32733404894106954,0.7667313328617797
56.0,99.0,0.9,1116.0,-20.870720000000002,-0.4566255213274242,0.3270108832410695,0.7667313328617797
56.0,99.0,0.9,1302.0,-30.445999999999998,-0.4646277672826913,0.3266877175410695,0.7667313328617797
56.0,99.0,1.0,186.0,27.005679999999998,-0.32852760567397893,0.32862671174106955,0.7667313328617797
56.0,99.0,1.0,372.0,17.430400000000002,-0.35985694831277726,0.3283035460410695,0.7667313328617797
56.0,99.0,1.0,558.0,7.85512,-0.42087800200844855,0.3279803803410695,0.7667313328617797
56.0,99.0,1.0,744.0,-1.72016,-0.482168712273118,0.3276572146410695,0.7667313328617797
56.0,99.0,1.0,930.0,-11.295440000000001,-0.5434084078757331,0.32733404894106954,0.7667313328617797
56.0,99.0,1.0,1116.0,-20.870720000000002,-0.5576208213274241,0.3270108832410695,0.7667313328617797
56.0,99.0,1.0,1302.0,-30.445999999999998,-0.5656230672826913,0.3266877175410695,0.7667313328617797
56.0,99.0,1.1,186.0,27.005679999999998,-0.401468655673979,0.32862671174106955,0.7667313328617797
56.0,99.0,1.1,372.0,17.430400000000002,-0.43482262725048776,0.3283035460410695,0.7667313328617797
56.0,99.0,1.1,558.0,7.85512,-0.5045404984461591,0.3279803803410695,0.7667313328617797
56.0,99.0,1.1,744.0,-1.72016,-0.5745280262108285,0.3276572146410695,0.7667313328617797
56.0,99.0,1.1,930.0,-11.295440000000001,-0.6444037078757332,0.32733404894106954,0.7667313328617797
56.0,99.0,1.1,1116.0,-20.870720000000002,-0.6586161213274243,0.3270108832410695,0.7667313328617797
56.0,99.0,1.1,1302.0,-30.445999999999998,-0.6666183672826914,0.3266877175410695,0.7667313328617797
56.0,99.0,1.2,186.0,27.005679999999998,-0.47440970567397894,0.32862671174106955,0.7667313328617797
56.0,99.0,1.2,372.0,17.430400000000002,-0.509788306188198,0.3283035460410695,0.7667313328617797
56.0,99.0,1.2,558.0,7.85512,-0.5882029948838694,0.3279803803410695,0.7667313328617797
56.0,99.0,1.2,744.0,-1.72016,-0.666887340148539,0.3276572146410695,0.7667313328617797
56.0,99.0,1.2,930.0,-11.295440000000001,-0.7453990078757332,0.32733404894106954,0.7667313328617797
56.0,99.0,1.2,1116.0,-20.870720000000002,-0.7596114213274241,0.3270108832410695,0.7667313328617797
56.0,99.0,1.2,1302.0,-30.445999999999998,-0.7676136672826912,0.3266877175410695,0.7667313328617797
56.0,140.0,0.5,186.0,35.83216,0.0230617970947101,0.3690510331273341,1.0415912328617798
56.0,140.0,0.5,372.0,22.29136,-0.0020500554122403905,0.36859403112733413,1.0415912328617798
56.0,140.0,0.5,558.0,8.75056,-0.024029754491831548,0.3681370291273341,1.0415912328617798
56.0,140.0,0.5,744.0,-4.79024,-0.045790447752214934,0.36768002712733416,1.0415912328617798
56.0,140.0,0.5,930.0,-18.33104,-0.06851144423057524,0.3672230251273341,1.0415912328617798
56.0,140.0,0.5,1116.0,-31.871840000000002,-0.08561200232536711,0.3667660231273341,1.0415912328617798
56.0,140.0,0.5,1302.0,-45.412639999999996,-0.09569558977152791,0.36630902112733416,1.0415912328617798
56.0,140.0,0.6,186.0,35.83216,-0.049879252905289904,0.3690510331273341,1.0415912328617798
56.0,140.0,0.6,372.0,22.29136,-0.07699791942890706,0.36859403112733413,1.0415912328617798
56.0,140.0,0.6,558.0,8.75056,-0.10767443600849821,0.3681370291273341,1.0415912328617798
56.0,140.0,0.6,744.0,-4.79024,-0.1381319467688816,0.36768002712733416,1.0415912328617798
56.0,140.0,0.6,930.0,-18.33104,-0.16950674423057524,0.3672230251273341,1.0415912328617798
56.0,140.0,0.6,1116.0,-31.871840000000002,-0.18660730232536712,0.3667660231273341,1.0415912328617798
56.0,140.0,0.6,1302.0,-45.412639999999996,-0.1966908897715279,0.36630902112733416,1.0415912328617798
56.0,140.0,0.7,186.0,35.83216,-0.1228203029052899,0.3690510331273341,1.0415912328617798
56.0,140.0,0.7,372.0,22.29136,-0.15194578344557375,0.36859403112733413,1.0415912328617798
56.0,140.0,0.7,558.0,8.75056,-0.1913191175251649,0.3681370291273341,1.0415912328617798
56.0,140.0,0.7,744.0,-4.79024,-0.2304734457855483,0.36768002712733416,1.0415912328617798
56.0,140.0,0.7,930.0,-18.33104,-0.2705020442305752,0.3672230251273341,1.0415912328617798
56.0,140.0,0.7,1116.0,-31.871840000000002,-0.28760260232536716,0.3667660231273341,1.0415912328617798
56.0,140.0,0.7,1302.0,-45.412639999999996,-0.29768618977152794,0.36630902112733416,1.0415912328617798
56.0,140.0,0.8,186.0,35.83216,-0.1957613529052899,0.3690510331273341,1.0415912328617798
56.0,140.0,0.8,372.0,22.29136,-0.22689364746224042,0.36859403112733413,1.0415912328617798
56.0,140.0,0.8,558.0,8.75056,-0.2749637990418316,0.3681370291273341,1.0415912328617798
56.0,140.0,0.8,744.0,-4.79024,-0.32281494480221495,0.36768002712733416,1.0415912328617798
56.0,140.0,0.8,930.0,-18.33104,-0.37149734423057523,0.3672230251273341,1.0415912328617798
56.0,140.0,0.8,1116.0,-31.871840000000002,-0.3885979023253672,0.3667660231273341,1.0415912328617798
56.0,140.0,0.8,1302.0,-45.412639999999996,-0.3986814897715279,0.36630902112733416,1.0415912328617798
56.0,140.0,0.9,186.0,35.83216,-0.2687024029052899,0.3690510331273341,1.0415912328617798
56.0,140.0,0.9,372.0,22.29136,-0.3018415114789071,0.36859403112733413,1.0415912328617798
56.0,140.0,0.9,558.0,8.75056,-0.35860848055849825,0.3681370291273341,1.0415912328617798
56.0,140.0,0.9,744.0,-4.79024,-0.41515644381888156,0.36768002712733416,1.0415912328617798
56.0,140.0,0.9,930.0,-18.33104,-0.47249264423057524,0.3672230251273341,1.0415912328617798
56.0,140.0,0.9,1116.0,-31.871840000000002,-0.4895932023253672,0.3667660231273341,1.0415912328617798
56.0,140.0,0.9,1302.0,-45.412639999999996,-0.4996767897715279,0.36630902112733416,1.0415912328617798
56.0,140.0,1.0,186.0,35.83216,-0.3416434529052899,0.3690510331273341,1.0415912328617798
56.0,140.0,1.0,372.0,22.29136,-0.37678937549557373,0.36859403112733413,1.0415912328617798
56.0,140.0,1.0,558.0,8.75056,-0.4422531620751649,0.3681370291273341,1.0415912328617798
56.0,140.0,1.0,744.0,-4.79024,-0.5074979428355483,0.36768002712733416,1.0415912328617798
56.0,140.0,1.0,930.0,-18.33104,-0.5734879442305753,0.3672230251273341,1.0415912328617798
56.0,140.0,1.0,1116.0,-31.871840000000002,-0.5905885023253672,0.3667660231273341,1.0415912328617798
56.0,140.0,1.0,1302.0,-45.412639999999996,-0.6006720897715279,0.36630902112733416,1.0415912328617798
56.0,140.0,1.1,186.0,35.83216,-0.41458450290529,0.3690510331273341,1.0415912328617798
56.0,140.0,1.1,372.0,22.29136,-0.45173723951224054,0.36859403112733413,1.0415912328617798
56.0,140.0,1.1,558.0,8.75056,-0.5258978435918317,0.3681370291273341,1.0415912328617798
56.0,140.0,1.1,744.0,-4.79024,-0.599839441852215,0.36768002712733416,1.0415912328617798
56.0,140.0,1.1,930.0,-18.33104,-0.6744832442305754,0.3672230251273341,1.0415912328617798
56.0,140.0,1.1,1116.0,-31.871840000000002,-0.6915838023253674,0.3667660231273341,1.0415912328617798
56.0,140.0,1.1,1302.0,-45.412639999999996,-0.7016673897715281,0.36630902112733416,1.0415912328617798
56.0,140.0,1.2,186.0,35.83216,-0.4875255529052899,0.3690510331273341,1.0415912328617798
56.0,140.0,1.2,372.0,22.29136,-0.5266851035289071,0.36859403112733413,1.0415912328617798
56.0,140.0,1.2,558.0,8.75056,-0.6095425251084983,0.3681370291273341,1.0415912328617798
56.0,140.0,1.2,744.0,-4.79024,-0.6921809408688816,0.36768002712733416,1.0415912328617798
56.0,140.0,1.2,930.0,-18.33104,-0.7754785442305753,0.3672230251273341,1.0415912328617798
56.0,140.0,1.2,1116.0,-31.871840000000002,-0.7925791023253671,0.3667660231273341,1.0415912328617798
56.0,140.0,1.2,1302.0,-45.412639999999996,-0.8026626897715279,0.36630902112733416,1.0415912328617798
